{"assets/fonts/google_fonts/Inter-Black-slnt=0.ttf":["assets/fonts/google_fonts/Inter-Black-slnt=0.ttf"],"assets/fonts/google_fonts/Inter-Bold-slnt=0.ttf":["assets/fonts/google_fonts/Inter-Bold-slnt=0.ttf"],"assets/fonts/google_fonts/Inter-ExtraBold-slnt=0.ttf":["assets/fonts/google_fonts/Inter-ExtraBold-slnt=0.ttf"],"assets/fonts/google_fonts/Inter-ExtraLight-slnt=0.ttf":["assets/fonts/google_fonts/Inter-ExtraLight-slnt=0.ttf"],"assets/fonts/google_fonts/Inter-Light-slnt=0.ttf":["assets/fonts/google_fonts/Inter-Light-slnt=0.ttf"],"assets/fonts/google_fonts/Inter-Medium-slnt=0.ttf":["assets/fonts/google_fonts/Inter-Medium-slnt=0.ttf"],"assets/fonts/google_fonts/Inter-Regular-slnt=0.ttf":["assets/fonts/google_fonts/Inter-Regular-slnt=0.ttf"],"assets/fonts/google_fonts/Inter-SemiBold-slnt=0.ttf":["assets/fonts/google_fonts/Inter-SemiBold-slnt=0.ttf"],"assets/fonts/google_fonts/Inter-Thin-slnt=0.ttf":["assets/fonts/google_fonts/Inter-Thin-slnt=0.ttf"],"assets/images/null_user_profile_pic.jpeg":["assets/images/null_user_profile_pic.jpeg"]}