[{"family":"MaterialIcons","fonts":[{"asset":"fonts/MaterialIcons-Regular.otf"}]},{"family":"Inter","fonts":[{"weight":900,"asset":"assets/fonts/google_fonts/Inter-Black-slnt=0.ttf"},{"weight":700,"asset":"assets/fonts/google_fonts/Inter-Bold-slnt=0.ttf"},{"weight":800,"asset":"assets/fonts/google_fonts/Inter-ExtraBold-slnt=0.ttf"},{"weight":500,"asset":"assets/fonts/google_fonts/Inter-Medium-slnt=0.ttf"},{"weight":100,"asset":"assets/fonts/google_fonts/Inter-ExtraLight-slnt=0.ttf"},{"weight":200,"asset":"assets/fonts/google_fonts/Inter-Light-slnt=0.ttf"},{"weight":400,"asset":"assets/fonts/google_fonts/Inter-Regular-slnt=0.ttf"},{"weight":600,"asset":"assets/fonts/google_fonts/Inter-SemiBold-slnt=0.ttf"},{"weight":300,"asset":"assets/fonts/google_fonts/Inter-Thin-slnt=0.ttf"}]}]